<application>
  <component name="CosySettings">
    <option name="parameter">
      <ChangeUserSettingParams>
        <option name="allowReportUsage" value="true" />
        <option name="cloud">
          <CloudModelParam>
            <option name="autoTrigger">
              <CloudModelAutoTrigger>
                <option name="enable" value="true" />
                <option name="generateLength" value="level_1" />
                <option name="modelLevel" value="large" />
              </CloudModelAutoTrigger>
            </option>
            <option name="enable" value="true" />
            <option name="manualTrigger">
              <CloudModelManualTrigger>
                <option name="generateLength" value="level_2" />
                <option name="modelLevel" value="large" />
              </CloudModelManualTrigger>
            </option>
          </CloudModelParam>
        </option>
        <option name="local">
          <LocalModelParam>
            <option name="enable" value="false" />
            <option name="inferenceMode" value="auto" />
            <option name="maxCandidateNum" value="3" />
          </LocalModelParam>
        </option>
      </ChangeUserSettingParams>
    </option>
    <option name="recentComplexQueries">
      <map>
        <entry key="iot-dc3|1181381439743624">
          <value>
            <list>
              <ChatRecentQuery>
                <option name="chatInputElements">
                  <list>
                    <ChatInputElement>
                      <option name="text" value="code bubble sort by c++&#10;" />
                      <option name="type" value="text" />
                    </ChatInputElement>
                  </list>
                </option>
                <option name="contextTags">
                  <list />
                </option>
              </ChatRecentQuery>
              <ChatRecentQuery>
                <option name="chatInputElements">
                  <list>
                    <ChatInputElement>
                      <option name="text" value="Thread源码解析" />
                      <option name="type" value="text" />
                    </ChatInputElement>
                  </list>
                </option>
                <option name="contextTags">
                  <list />
                </option>
              </ChatRecentQuery>
              <ChatRecentQuery>
                <option name="chatInputElements">
                  <list>
                    <ChatInputElement>
                      <option name="text" value="读取文档内容，输出项目描述，详细技术实现细节" />
                      <option name="type" value="text" />
                    </ChatInputElement>
                  </list>
                </option>
                <option name="contextTags">
                  <list>
                    <ChatContextTag>
                      <option name="componentType" value="comboBox" />
                      <option name="contextProvider">
                        <SuggestPrompt>
                          <option name="componentType" value="comboBox" />
                          <option name="contextName" value="file" />
                          <option name="drillDownEnable" value="true" />
                          <option name="enabled" value="true" />
                          <option name="extra">
                            <map>
                              <entry key="contextType">
                                <value>
                                  <Object />
                                </value>
                              </entry>
                            </map>
                          </option>
                          <option name="hint" value="file" />
                          <option name="id" value="7a0c2792-b1ed-49ec-a82b-d97b16a242b4" />
                          <option name="text" value="#file" />
                          <option name="type" value="context" />
                        </SuggestPrompt>
                      </option>
                      <option name="extra">
                        <map>
                          <entry key="contextType">
                            <value>
                              <Object />
                            </value>
                          </entry>
                          <entry key="endLine" />
                          <entry key="fileName">
                            <value>
                              <Object />
                            </value>
                          </entry>
                          <entry key="filePath">
                            <value>
                              <Object />
                            </value>
                          </entry>
                          <entry key="selectedItemContent" />
                          <entry key="startLine" />
                        </map>
                      </option>
                      <option name="id" value="D:\workspace\learn\iot-dc3\README.md" />
                      <option name="name" value="D:\workspace\learn\iot-dc3\README.md" />
                      <option name="payload">
                        <Object />
                      </option>
                      <option name="text" value="README.md" />
                      <option name="type" value="currentFile" />
                    </ChatContextTag>
                  </list>
                </option>
              </ChatRecentQuery>
            </list>
          </value>
        </entry>
      </map>
    </option>
    <option name="recentQueries">
      <map>
        <entry key="code|1181381439743624">
          <value>
            <list>
              <option value="登录授权业务中，请列举多种鉴权方式接入" />
              <option value="设计一套IAM服务，利用Java相关技术栈实现；请详细描述整体的系统设计方案" />
              <option value="简历中IAM项目开发及架构设计职责如何描述" />
              <option value="spring-boot-web 实现登录接口，前端页面如何写入的cookies，请描述一下具体流程" />
              <option value="返回cookies的逻辑是spring自动实现的吗，实现方式具体模块是什么" />
              <option value="解决 Cookie 的跨域读写问题" />
              <option value="在spring编码项目时，如果在一个方法中同时存在网络请求，数据库请求;当前方法使用事务注解时应该如何回滚" />
              <option value="PlatformTransactionManager 实现类有哪些，有什么作用" />
              <option value="spring中，哪些情况会导致事务失效" />
              <option value="Redis中 Bitmap的使用场景并详细说明原理" />
              <option value="boss自荐打招呼用语" />
              <option value="再输出10条不同风格的" />
              <option value="假设写一份求职简历，你充当一个简历优化专家；需要在工作经历上写 “参与线上问题分析与优化”，请加以润色" />
              <option value="工单系统是什么，能够做什么" />
              <option value="能够解决企业的什么问题" />
              <option value="假设你是一位经验丰富的软件开发工程师，请写一段50字左右的自我评价" />
              <option value="假设你是一位经验丰富的软件开发工程师，请写一段100字左右的自我评价" />
              <option value="假设你是一位Java软件开发，请用英文一句话描述CRM系统的功能，以及在开发中的职责" />
              <option value="what is the senior Java developer` responsibility" />
              <option value="what is the senior Java developer` responsibility,use one sentence to describe" />
            </list>
          </value>
        </entry>
      </map>
    </option>
    <option name="showInlineAcceptTips" value="false" />
  </component>
</application>