<application>
  <component name="NotificationConfiguration">
    <notification groupId="Execution" displayType="NONE" shouldLog="false" />
    <notification groupId="Framework Detection" shouldLog="false" />
    <notification groupId="Power Save Mode" shouldLog="false" />
    <notification groupId="Project Startup Tasks Messages" displayType="NONE" shouldLog="false" />
    <notification groupId="Required Plugins" shouldLog="false" />
    <notification groupId="System Health" displayType="STICKY_BALLOON" shouldLog="false" />
  </component>
</application>